iter	Logloss
0	0.6191295162
1	0.5559982508
2	0.5020690858
3	0.4557814747
4	0.4157938063
5	0.3811527193
6	0.3509368747
7	0.3244676441
8	0.3012161851
9	0.2806728333
